{
  "best_sharpe": 0.2178956481252555,
  "bootstrap_mean": 0.2136080987689946,
  "bootstrap_std": 0.005818856772441069,
  "bootstrap_median": 0.2178956481252555,
  "ci_lower": 0.2052461855480988,
  "ci_upper": 0.2178956481252555,
  "ci_width": 0.012649462577156712,
  "n_trials": 300,
  "n_bootstrap": 1000,
  "seed": 42
}