{
  "best_sharpe": 0.2797328355386095,
  "bootstrap_mean": 0.27015823031226294,
  "bootstrap_std": 0.014943640457504381,
  "bootstrap_median": 0.2797328355386095,
  "ci_lower": 0.2377154460648448,
  "ci_upper": 0.2797328355386095,
  "ci_width": 0.04201738947376471,
  "n_trials": 500,
  "n_bootstrap": 1000,
  "seed": 42
}