{
  "best_sharpe": 0.3584218894549178,
  "bootstrap_mean": 0.3574989648099233,
  "bootstrap_std": 0.0023262353989997025,
  "bootstrap_median": 0.3584218894549178,
  "ci_lower": 0.351635678829959,
  "ci_upper": 0.3584218894549178,
  "ci_width": 0.006786210624958822,
  "n_trials": 600,
  "n_bootstrap": 1000,
  "seed": 42
}