{
  "best_sharpe": 0.2886245163071458,
  "bootstrap_mean": 0.2814931871237293,
  "bootstrap_std": 0.012312297086805873,
  "bootstrap_median": 0.2886245163071458,
  "ci_lower": 0.2520151875480811,
  "ci_upper": 0.2886245163071458,
  "ci_width": 0.036609328759064697,
  "n_trials": 500,
  "n_bootstrap": 1000,
  "seed": 42
}