{
  "best_sharpe": 1.0537776795127076,
  "bootstrap_mean": 1.0534682197559864,
  "bootstrap_std": 0.0020346745023591944,
  "bootstrap_median": 1.0537776795127076,
  "ci_lower": 1.05329504660588,
  "ci_upper": 1.0537776795127076,
  "ci_width": 0.0004826329068277069,
  "n_trials": 1000,
  "n_bootstrap": 1000,
  "seed": 42
}