{
  "best_sharpe": 0.2113029974265862,
  "bootstrap_mean": 0.20595248025867607,
  "bootstrap_std": 0.010352780615226263,
  "bootstrap_median": 0.2113029974265862,
  "ci_lower": 0.1688646564772646,
  "ci_upper": 0.2113029974265862,
  "ci_width": 0.04243834094932161,
  "n_trials": 300,
  "n_bootstrap": 1000,
  "seed": 42
}